method,n_frames,cider_score,n_clips
keyframe,,0.7570942619928333,197
random,3.0,0.6025148459863019,197
random,6.0,0.5606181605744716,197
random,12.0,0.6235115189530721,197
random,18.0,0.6892784184233812,197
random,24.0,0.7068240690682659,197
uniform,3.0,0.5238803580599868,197
uniform,6.0,0.5531316244113978,197
uniform,12.0,0.6912135577368661,197
uniform,18.0,0.7357152930591198,197
uniform,24.0,0.7137669151254212,197
